{"cameraMode":{"drawMode":0,"name":"Shaded","section":"Shading Mode"},"sceneLighting":false,"audioPlay":false,"sceneViewState":{"showFog":true,"showMaterialUpdate":false,"showSkybox":true,"showFlares":true,"showImageEffects":true,"showParticleSystems":true},"in2DMode":false,"pivot":{"x":-299.57720947265627,"y":0.0592041015625,"z":1.7982177734375},"rotation":{"x":0.30229121446609499,"y":0.22615334391593934,"z":-0.07415055483579636,"w":0.923062264919281},"size":1.159856915473938,"orthographic":true}