{"cameraMode":{"drawMode":0,"name":"Shaded","section":"Shading Mode"},"sceneLighting":false,"audioPlay":false,"sceneViewState":{"showFog":true,"showMaterialUpdate":false,"showSkybox":true,"showFlares":true,"showImageEffects":true,"showParticleSystems":true},"in2DMode":false,"pivot":{"x":238.89239501953126,"y":845.7462158203125,"z":-80.3130111694336},"rotation":{"x":0.07316558063030243,"y":-0.08516533672809601,"z":0.00627095066010952,"w":0.9936572909355164},"size":1568.427978515625,"orthographic":true}